评分组,服务等级,第三方物流,配送方式,Ozon评级,时效限制（从PUDO揽收点到Ozon分拣中心），天,费率（PUDO揽收点揽收/快递员上门揽收）,电池,液体,尺寸限制，最大（厘米）,货件重量限制 / 最小（克）,货件重量限制 / 最大（克）,货值限制/最低-最高（卢布）,货值限制/最低-最高（人民币）,货值限制/最低-最高（美元）,货值限制/最低-最高（欧元）,计费类型,体积重量计算方式,丢失赔偿上限，卢布,在揽收点未被取走的已取消货件,进口海关申报开始前取消的货件,进口海关申报开始后取消的货件
Extra Small,Express,RETS ,RETS Express Extra Small,1,5月14日,¥3.12 + ¥0.0468/1 g,禁止,禁止,"边长总和 ≤ 90 cm, 长边 ≤ 60 cm",1,500,1 - 1500,0.01 - 135,0.01 - 20,0.01 - 20,实际重量,-,1500,无附加费退回,无附加费销毁,无附加费销毁
Extra Small,Express,ATC ,ATC Express Extra Small,2,5月14日,"¥3 + ¥0,045/1g",禁止,禁止,"边长总和 ≤ 90 cm, 长边 ≤ 60 cm",1,500,1 - 1500,0.01 - 135,0.01 - 20,0.01 - 20,实际重量,-,1500,无附加费退回,无附加费销毁,无附加费销毁
Extra Small,Express,ZTO ,ZTO Express Extra Small,3,5月14日,¥3.12 + ¥0.0468/1 g,禁止,禁止,"边长总和 ≤ 90 cm, 长边 ≤ 60 cm",1,500,1 - 1500,0.01 - 135,0.01 - 20,0.01 - 20,实际重量,-,1500,无附加费退回,无附加费销毁,无附加费销毁
Extra Small,Express,Ural ,Ural Express Extra Small,3,5月14日,¥3.12 + ¥0.0468/1 g,禁止,禁止,"边长总和 ≤ 90 cm, 长边 ≤ 60 cm",1,500,1 - 1500,0.01 - 135,0.01 - 20,0.01 - 20,实际重量,-,1500,无附加费退回,无附加费销毁,无附加费销毁
Extra Small,Express,GUOO ,GUOO Express Extra Small,5,5月14日,¥3.12 + ¥.0.0468/1 g,禁止,禁止,"边长总和 ≤ 90 cm, 长边 ≤ 60 cm",1,500,1 - 1500,0.01 - 135,0.01 - 20,0.01 - 20,实际重量,-,1500,无附加费退回,无附加费销毁,无附加费销毁
Extra Small,Express,CEL ,CEL Express Extra Small,6,5月14日,￥3.12 + ￥0.0468/1 g,禁止,允许,"边长总和 ≤ 90 cm, 长边 ≤ 60 cm",1,500,1 - 1500,0.01 - 135,0.01 - 20,0.01 - 20,实际重量,-,1500,无附加费退回,无附加费销毁,无附加费销毁
Extra Small,Standard,Ural ,Ural Standard Extra Small,1,7月19日,¥2.92 + ¥0.0364/1 g,允许,禁止,"边长总和 ≤ 90 cm, 长边 ≤ 60 cm",1,500,1 - 1500,0.01 - 135,0.01 - 20,0.01 - 20,实际重量,-,1500,无附加费退回,无附加费销毁,无附加费销毁
Extra Small,Standard,ZTO ,ZTO Standard Extra Small,2,7月19日,¥3.12 + ¥0.0364/1 g,允许,禁止,"边长总和 ≤ 90 cm, 长边 ≤ 60 cm",1,500,1 - 1500,0.01 - 135,0.01 - 20,0.01 - 20,实际重量,-,1500,无附加费退回,无附加费销毁,无附加费销毁
Extra Small,Standard,GUOO ,GUOO Standard Extra Small,2,7月19日,¥3.12 + ¥0.0364/1 g,允许,允许,"边长总和 ≤ 90 cm, 长边 ≤ 60 cm",1,500,1 - 1500,0.01 - 135,0.01 - 20,0.01 - 20,实际重量,-,1500,无附加费退回,无附加费销毁,无附加费销毁
Extra Small,Standard,OYX ,OYX Standard Extra Small,4,7月19日,￥3.12 + ￥0.0364/1 g,允许,禁止,"边长总和 ≤ 90 cm, 长边 ≤ 60 cm",1,500,1 - 1500,0.01 - 135,0.01 - 20,0.01 - 20,实际重量,-,1500,无附加费退回,无附加费销毁,无附加费销毁
Extra Small,Standard,ABT ,ABT Standard Extra Small,4,7月19日,￥3.12 + ￥0.0364/1 g,允许,禁止,"边长总和 ≤ 90 cm, 长边 ≤ 60 cm",1,500,1 - 1500,0.01 - 135,0.01 - 20,0.01 - 20,实际重量,-,1500,无附加费退回,无附加费销毁,无附加费销毁
Extra Small,Standard,Xingyuan ,Xingyuan Standard Extra Small,4,7月19日,￥3.12 + ￥0.0364/1 g,允许,允许,"边长总和 ≤ 90 cm, 长边 ≤ 60 cm",1,500,1 - 1500,0.01 - 135,0.01 - 20,0.01 - 20,实际重量,-,1500,无附加费退回,无附加费销毁,无附加费销毁
Extra Small,Standard,ATC ,ATC Standard Extra Small,7,7月19日,"¥2,6 + ¥0,035/1g",允许,禁止,"边长总和 ≤ 90 cm, 长边 ≤ 60 cm",1,500,1 - 1500,0.01 - 135,0.01 - 20,0.01 - 20,实际重量,-,1500,无附加费退回,无附加费销毁,无附加费销毁
Extra Small,Standard,RETS ,RETS Standard Extra Small,8,7月19日,¥3.12 + ¥0.0364/1 g,允许,禁止,"边长总和 ≤ 90 cm, 长边 ≤ 60 cm",1,500,1 - 1500,0.01 - 135,0.01 - 20,0.01 - 20,实际重量,-,1500,无附加费退回,无附加费销毁,无附加费销毁
Extra Small,Standard,CEL ,CEL Standard Extra Small,9,7月19日,￥3.12 + ￥0.0364/1 g,允许,允许,"边长总和 ≤ 90 cm, 长边 ≤ 60 cm",1,500,1 - 1500,0.01 - 135,0.01 - 20,0.01 - 20,实际重量,-,1500,无附加费退回,无附加费销毁,无附加费销毁
Extra Small,Standard,Tanais ,Tanais Standard Extra Small,10,7月19日,¥3.1+ ¥0.0364/1 g,禁止,禁止,"边长总和 ≤ 90 cm, 长边 ≤ 60 cm",1,500,1 - 1500,0.01 - 135,0.01 - 20,0.01 - 20,实际重量,-,1500,无附加费退回,无附加费销毁,无附加费销毁
Extra Small,Economy,GUOO ,GUOO Economy Extra Small,1,17-29,¥3 + ¥0.026/1 g,允许,允许,"边长总和 ≤ 90 cm, 长边 ≤ 60 cm",1,500,1 - 1500,0.01 - 135,0.01 - 20,0.01 - 20,实际重量,-,1500,无附加费退回,无附加费销毁,无附加费销毁
Extra Small,Economy,ZTO ,ZTO Economy Extra Small,2,17-29,¥3.12 + ¥0.026/1 g,允许,禁止,"边长总和 ≤ 90 cm, 长边 ≤ 60 cm",1,500,1 - 1500,0.01 - 135,0.01 - 20,0.01 - 20,实际重量,-,1500,无附加费退回,无附加费销毁,无附加费销毁
Extra Small,Economy,Ural ,Ural Economy Extra Small,2,17-29,¥3.12 + ¥0.026/1 g,允许,允许,"边长总和 ≤ 90 cm, 长边 ≤ 60 cm",1,500,1 - 1500,0.01 - 135,0.01 - 20,0.01 - 20,实际重量,-,1500,无附加费退回,无附加费销毁,无附加费销毁
Extra Small,Economy,RETS ,RETS Economy Extra Small,2,17-29,¥3.12 + ¥0.026/1 g,允许,允许,"边长总和 ≤ 90 cm, 长边 ≤ 60 cm",1,500,1 - 1500,0.01 - 135,0.01 - 20,0.01 - 20,实际重量,-,1500,无附加费退回,无附加费销毁,无附加费销毁
Extra Small,Economy,OYX ,OYX Economy Extra Small,5,17-29,￥3.12 + ￥0.026/1 g,允许,禁止,"边长总和 ≤ 90 cm, 长边 ≤ 60 cm",1,500,1 - 1500,0.01 - 135,0.01 - 20,0.01 - 20,实际重量,-,1500,无附加费退回,无附加费销毁,无附加费销毁
Extra Small,Economy,ABT ,ABT Economy Extra Small,5,17-29,￥3.12 + ￥0.026/1 g,允许,禁止,"边长总和 ≤ 90 cm, 长边 ≤ 60 cm",1,500,1 - 1500,0.01 - 135,0.01 - 20,0.01 - 20,实际重量,-,1500,无附加费退回,无附加费销毁,无附加费销毁
Extra Small,Economy,Xingyuan ,Xingyuan Economy Extra Small,5,17-29,￥3.12 + ￥0.026/1 g,允许,允许,"边长总和 ≤ 90 cm, 长边 ≤ 60 cm",1,500,1 - 1500,0.01 - 135,0.01 - 20,0.01 - 20,实际重量,-,1500,无附加费退回,无附加费销毁,无附加费销毁
Extra Small,Economy,CEL ,CEL Economy Extra Small,5,17-29,￥3.12 + ￥0.026/1 g,允许,允许,"边长总和 ≤ 90 cm, 长边 ≤ 60 cm",1,500,1 - 1500,0.01 - 135,0.01 - 20,0.01 - 20,实际重量,-,1500,无附加费退回,无附加费销毁,无附加费销毁
Extra Small,Economy,ATC ,ATC Economy Extra Small,9,17-29,"¥2,6 + ¥0,024/1g",允许,禁止,"边长总和 ≤ 90 cm, 长边 ≤ 60 cm",1,500,1 - 1500,0.01 - 135,0.01 - 20,0.01 - 20,实际重量,-,1500,无附加费退回,无附加费销毁,无附加费销毁
Extra Small,Economy,Tanais ,Tanais Economy Extra Small,9,17-29,¥3.1 + ¥0.0259/1 g,禁止,禁止,"边长总和 ≤ 90 cm, 长边 ≤ 60 cm",1,500,1 - 1500,0.01 - 135,0.01 - 20,0.01 - 20,实际重量,-,1500,无附加费退回,无附加费销毁,无附加费销毁
Budget,Express,ZTO ,ZTO Express Budget,1,5月14日,¥23.92 + ¥0.03432/1 g,禁止,禁止,"边长总和 ≤ 150 cm, 长边 ≤ 60 cm",501,"30,000",1 - 1500,0.01 - 135,0.01 - 20,0.01 - 20,实际重量,-,1500,无附加费退回,无附加费销毁,无附加费销毁
Budget,Express,Ural ,Ural Express Budget,1,5月14日,¥23.92 + ¥0.03432/1 g,禁止,禁止,"边长总和 ≤ 150 cm, 长边 ≤ 60 cm",501,"30,000",1 - 1500,0.01 - 135,0.01 - 20,0.01 - 20,实际重量,-,1500,无附加费退回,无附加费销毁,无附加费销毁
Budget,Express,CEL ,CEL Express Budget,3,5月14日,￥23.92 + ￥0.03432/1 g,允许,禁止,"边长总和 ≤ 150 cm, 长边 ≤ 60 cm",501,"30,000",1 - 1500,0.01 - 135,0.01 - 20,0.01 - 20,实际重量,-,1500,无附加费退回,无附加费销毁,无附加费销毁
Budget,Express,GBS ,GBS Express Budget,4,5月14日,"¥21,85 + ¥0,033/1g",禁止,禁止,"边长总和 ≤ 150 cm, 长边 ≤ 60 cm",501,"30,000",1 - 1500,0.01 - 135,0.01 - 20,0.01 - 20,实际重量,-,1500,无附加费退回,无附加费销毁,无附加费销毁
Budget,Standard,GBS ,GBS Standard Budget,1,7月19日,"¥21,85 + ¥0,025/1g",允许,禁止,"边长总和 ≤ 150 cm, 长边 ≤ 60 cm",501,"30,000",1 - 1500,0.01 - 135,0.01 - 20,0.01 - 20,实际重量,-,1500,无附加费退回,无附加费销毁,无附加费销毁
Budget,Standard,ZTO ,ZTO Standard Budget,2,7月19日,¥23.92 + ¥0.026/1 g,允许,禁止,"边长总和 ≤ 150 cm, 长边 ≤ 60 cm",501,"30,000",1 - 1500,0.01 - 135,0.01 - 20,0.01 - 20,实际重量,-,1500,无附加费退回,无附加费销毁,无附加费销毁
Budget,Standard,Ural ,Ural Standard Budget,2,7月19日,¥23.92 + ¥0.026/1 g,允许,禁止,"边长总和 ≤ 150 cm, 长边 ≤ 60 cm",501,"30,000",1 - 1500,0.01 - 135,0.01 - 20,0.01 - 20,实际重量,-,1500,无附加费退回,无附加费销毁,无附加费销毁
Budget,Standard,ATC ,ATC Standard Budget,4,7月19日,"¥23 + ¥0,025/1g",允许,禁止,"边长总和 ≤ 150 cm, 长边 ≤ 60 cm",501,"30,000",1 - 1500,0.01 - 135,0.01 - 20,0.01 - 20,实际重量,-,1500,无附加费退回,无附加费销毁,无附加费销毁
Budget,Standard,OYX ,OYX Standard Budget,5,7月19日,￥23.92 + ￥0.026/1 g,允许,禁止,"边长总和 ≤ 150 cm, 长边 ≤ 60 cm",501,"30,000",1 - 1500,0.01 - 135,0.01 - 20,0.01 - 20,实际重量,-,1500,无附加费退回,无附加费销毁,无附加费销毁
Budget,Standard,ABT ,ABT Standard Budget,5,7月19日,￥23.92 + ￥0.026/1 g,允许,禁止,"边长总和 ≤ 150 cm, 长边 ≤ 60 cm",501,"30,000",1 - 1500,0.01 - 135,0.01 - 20,0.01 - 20,实际重量,-,1500,无附加费退回,无附加费销毁,无附加费销毁
Budget,Standard,Xingyuan ,Xingyuan Standard Budget,5,7月19日,￥23.92 + ￥0.026/1 g,允许,允许,"边长总和 ≤ 150 cm, 长边 ≤ 60 cm",501,"30,000",1 - 1500,0.01 - 135,0.01 - 20,0.01 - 20,实际重量,-,1500,无附加费退回,无附加费销毁,无附加费销毁
Budget,Standard,RETS ,RETS Standard Budget,8,7月19日,¥23.92 + ¥0.026/1 g,允许,禁止,"边长总和 ≤ 150 cm, 长边 ≤ 60 cm",501,"30,000",1 - 1500,0.01 - 135,0.01 - 20,0.01 - 20,实际重量,-,1500,无附加费退回,无附加费销毁,无附加费销毁
Budget,Standard,CEL ,CEL Standard Budget,9,7月19日,￥23.92 + ￥0.026/1 g,允许,允许,"边长总和 ≤ 150 cm, 长边 ≤ 60 cm",501,"30,000",1 - 1500,0.01 - 135,0.01 - 20,0.01 - 20,实际重量,-,1500,无附加费退回,无附加费销毁,无附加费销毁
Budget,Standard,GUOO ,GUOO Standard Budget,9,7月19日,¥23.92 + ¥0.026/1 g,允许,允许,"边长总和 ≤ 150 cm, 长边 ≤ 60 cm",501,"30,000",1 - 1500,0.01 - 135,0.01 - 20,0.01 - 20,实际重量,-,1500,无附加费退回,无附加费销毁,无附加费销毁
Budget,Standard,Tanais ,Tanais Standard Budget,11,7月19日,¥23.9 + ¥0.0259/1 g,禁止,禁止,"边长总和 ≤ 150 cm, 长边 ≤ 60 cm",501,"30,000",1 - 1500,0.01 - 135,0.01 - 20,0.01 - 20,实际重量,-,1500,无附加费退回,无附加费销毁,无附加费销毁
Budget,Economy,ZTO ,ZTO Economy Budget,1,17-29,¥23.92 + ¥0.01768/1 g,允许,禁止,"边长总和 ≤ 150 cm, 长边 ≤ 60 cm",501,"30,000",1 - 1500,0.01 - 135,0.01 - 20,0.01 - 20,实际重量,-,1500,无附加费退回,无附加费销毁,无附加费销毁
Budget,Economy,RETS ,RETS Economy Budget,1,17-29,¥23.92 + ¥0.01768/1 g,允许,允许,"边长总和 ≤ 150 cm, 长边 ≤ 60 cm",501,"30,000",1 - 1500,0.01 - 135,0.01 - 20,0.01 - 20,实际重量,-,1500,无附加费退回,无附加费销毁,无附加费销毁
Budget,Economy,Xingyuan ,Xingyuan Economy Budget,3,17-29,￥23.92 + ￥0.01768/1 g,允许,禁止,"边长总和 ≤ 150 cm, 长边 ≤ 60 cm",501,"30,000",1 - 1500,0.01 - 135,0.01 - 20,0.01 - 20,实际重量,-,1500,无附加费退回,无附加费销毁,无附加费销毁
Budget,Economy,ABT ,ABT Economy Budget,3,17-29,￥23.92 + ￥0.01768/1 g,允许,禁止,"边长总和 ≤ 150 cm, 长边 ≤ 60 cm",501,"30,000",1 - 1500,0.01 - 135,0.01 - 20,0.01 - 20,实际重量,-,1500,无附加费退回,无附加费销毁,无附加费销毁
Budget,Economy,OYX ,OYX Economy Budget,3,17-29,￥23.92 + ￥0.01768/1 g,允许,禁止,"边长总和 ≤ 150 cm, 长边 ≤ 60 cm",501,"30,000",1 - 1500,0.01 - 135,0.01 - 20,0.01 - 20,实际重量,-,1500,无附加费退回,无附加费销毁,无附加费销毁
Budget,Economy,CEL ,CEL Economy Budget,3,17-29,￥23.92 + ￥0.01768/1 g,允许,允许,"边长总和 ≤ 150 cm, 长边 ≤ 60 cm",501,"30,000",1 - 1500,0.01 - 135,0.01 - 20,0.01 - 20,实际重量,-,1500,无附加费退回,无附加费销毁,无附加费销毁
Budget,Economy,GUOO ,GUOO Economy Budget,3,17-29,¥23.92 + ¥0.01768/1 g,允许,禁止,"边长总和 ≤ 150 cm, 长边 ≤ 60 cm",501,"30,000",1 - 1500,0.01 - 135,0.01 - 20,0.01 - 20,实际重量,-,1500,无附加费退回,无附加费销毁,无附加费销毁
Budget,Economy,GBS ,GBS Economy Budget,8,17-29,"¥22,4 + ¥0,017/1g",允许,禁止,"边长总和 ≤ 150 cm, 长边 ≤ 60 cm",501,"30,000",1 - 1500,0.01 - 135,0.01 - 20,0.01 - 20,实际重量,-,1500,无附加费退回,无附加费销毁,无附加费销毁
Budget,Economy,ATC ,ATC Economy Budget,9,17-29,"¥23 + ¥0,017/1g",允许,禁止,"边长总和 ≤ 150 cm, 长边 ≤ 60 cm",501,"30,000",1 - 1500,0.01 - 135,0.01 - 20,0.01 - 20,实际重量,-,1500,无附加费退回,无附加费销毁,无附加费销毁
Budget,Economy,Tanais ,Tanais Economy Budget,10,17-29,¥23.9 + ¥0.0176/1 g,禁止,禁止,"边长总和 ≤ 150 cm, 长边 ≤ 60 cm",501,"30,000",1 - 1500,0.01 - 135,0.01 - 20,0.01 - 20,实际重量,-,1500,无附加费退回,无附加费销毁,无附加费销毁
Small,Express,ZTO ,ZTO Express Small,1,5月14日,¥16.64 + ¥0.0468/1 g,禁止,禁止,"边长总和 ≤ 150 cm, 长边 ≤ 60 cm",1,2000,1501 - 7000,135. 01 - 635,20.01 - 90,20.01 - 80,实际重量,-,7000,无附加费退回,"从中国运往俄罗斯的运费费率 × 1,5","从中国运往俄罗斯的运费费率 × 1,5"
Small,Express,Ural ,Ural Express Small,1,5月14日,¥16.64 + ¥0.0468/1 g,禁止,禁止,"边长总和 ≤ 150 cm, 长边 ≤ 60 cm",1,2000,1501 - 7000,135. 01 - 635,20.01 - 90,20.01 - 80,实际重量,-,7000,无附加费退回,"从中国运往俄罗斯的运费费率 × 1,5","从中国运往俄罗斯的运费费率 × 1,5"
Small,Express,ATC ,ATC Express Small,3,5月14日,"¥16 + ¥0,045/1g",禁止,禁止,"边长总和 ≤ 150 cm, 长边 ≤ 60 cm",1,2000,1501 - 7000,135. 01 - 635,20.01 - 90,20.01 - 80,实际重量,-,7000,无附加费退回,"从中国运往俄罗斯的运费费率 × 1,5","从中国运往俄罗斯的运费费率 × 1,5"
Small,Express,RETS ,RETS Express Small,4,5月14日,¥16.64 + ¥0.0468/1 g,禁止,禁止,"边长总和 ≤ 150 cm, 长边 ≤ 60 cm",1,2000,1501 - 7000,135. 01 - 635,20.01 - 90,20.01 - 80,实际重量,-,7000,无附加费退回,"从中国运往俄罗斯的运费费率 × 1,5","从中国运往俄罗斯的运费费率 × 1,5"
Small,Express,GUOO ,GUOO Express Small,4,5月14日,¥16.64 + ¥0.0468/1 g,禁止,禁止,"边长总和 ≤ 150 cm, 长边 ≤ 60 cm",1,2000,1501 - 7000,135. 01 - 635,20.01 - 90,20.01 - 80,实际重量,-,7000,无附加费退回,"从中国运往俄罗斯的运费费率 × 1,5","从中国运往俄罗斯的运费费率 × 1,5"
Small,Express,GBS ,GBS Express Small,6,5月14日,"¥16 + ¥0,04275/1g",禁止,禁止,"边长总和 ≤ 150 cm, 长边 ≤ 60 cm",1,2000,1501 - 7000,135. 01 - 635,20.01 - 90,20.01 - 80,实际重量,-,7000,无附加费退回,"从中国运往俄罗斯的运费费率 × 1,5","从中国运往俄罗斯的运费费率 × 1,5"
Small,Express,CEL ,CEL Express Small,7,5月14日,￥16.64 + ￥0.0468/1 g,禁止,允许,"边长总和 ≤ 150 cm, 长边 ≤ 60 cm",1,2000,1501 - 7000,135. 01 - 635,20.01 - 90,20.01 - 80,实际重量,-,7000,无附加费退回,"从中国运往俄罗斯的运费费率 × 1,5","从中国运往俄罗斯的运费费率 × 1,5"
Small,Standard,GBS ,GBS Standard Small,1,7月19日,"¥15,2 + ¥0,034/1g",允许,禁止,"边长总和 ≤ 150 cm, 长边 ≤ 60 cm",1,2000,1501 - 7000,135. 01 - 635,20.01 - 90,20.01 - 80,实际重量,-,7000,无附加费退回,"从中国运往俄罗斯的运费费率 × 1,5","从中国运往俄罗斯的运费费率 × 1,5"
Small,Standard,RETS ,RETS Standard Small,2,7月19日,¥16.64 + ¥0.0364/1 g,允许,禁止,"边长总和 ≤ 150 cm, 长边 ≤ 60 cm",1,2000,1501 - 7000,135. 01 - 635,20.01 - 90,20.01 - 80,实际重量,-,7000,无附加费退回,"从中国运往俄罗斯的运费费率 × 1,5","从中国运往俄罗斯的运费费率 × 1,5"
Small,Standard,ZTO ,ZTO Standard Small,2,7月19日,¥16.64 + ¥0.0364/1 g,允许,禁止,"边长总和 ≤ 150 cm, 长边 ≤ 60 cm",1,2000,1501 - 7000,135. 01 - 635,20.01 - 90,20.01 - 80,实际重量,-,7000,无附加费退回,"从中国运往俄罗斯的运费费率 × 1,5","从中国运往俄罗斯的运费费率 × 1,5"
Small,Standard,Ural ,Ural Standard Small,2,7月19日,¥16.64 + ¥0.0364/1 g,允许,禁止,"边长总和 ≤ 150 cm, 长边 ≤ 60 cm",1,2000,1501 - 7000,135. 01 - 635,20.01 - 90,20.01 - 80,实际重量,-,7000,无附加费退回,"从中国运往俄罗斯的运费费率 × 1,5","从中国运往俄罗斯的运费费率 × 1,5"
Small,Standard,OYX ,OYX Standard Small,5,7月19日,￥16.64 + ￥0.0364/1 g,允许,禁止,"边长总和 ≤ 150 cm, 长边 ≤ 60 cm",1,2000,1501 - 7000,135. 01 - 635,20.01 - 90,20.01 - 80,实际重量,-,7000,无附加费退回,"从中国运往俄罗斯的运费费率 × 1,5","从中国运往俄罗斯的运费费率 × 1,5"
Small,Standard,ABT ,ABT Standard Small,5,7月19日,￥16.64 + ￥0.0364/1 g,允许,禁止,"边长总和 ≤ 150 cm, 长边 ≤ 60 cm",1,2000,1501 - 7000,135. 01 - 635,20.01 - 90,20.01 - 80,实际重量,-,7000,无附加费退回,"从中国运往俄罗斯的运费费率 × 1,5","从中国运往俄罗斯的运费费率 × 1,5"
Small,Standard,Xingyuan ,Xingyuan Standard Small,5,7月19日,￥16.64 + ￥0.0364/1 g,允许,允许,"边长总和 ≤ 150 cm, 长边 ≤ 60 cm",1,2000,1501 - 7000,135. 01 - 635,20.01 - 90,20.01 - 80,实际重量,-,7000,无附加费退回,"从中国运往俄罗斯的运费费率 × 1,5","从中国运往俄罗斯的运费费率 × 1,5"
Small,Standard,ATC ,ATC Standard Small,8,7月19日,"¥16 + ¥0,033/1g",允许,禁止,"边长总和 ≤ 150 cm, 长边 ≤ 60 cm",1,2000,1501 - 7000,135. 01 - 635,20.01 - 90,20.01 - 80,实际重量,-,7000,无附加费退回,"从中国运往俄罗斯的运费费率 × 1,5","从中国运往俄罗斯的运费费率 × 1,5"
Small,Standard,CEL ,CEL Standard Small,9,7月19日,￥16.64 + ￥0.0364/1 g,允许,允许,"边长总和 ≤ 150 cm, 长边 ≤ 60 cm",1,2000,1501 - 7000,135. 01 - 635,20.01 - 90,20.01 - 80,实际重量,-,7000,无附加费退回,"从中国运往俄罗斯的运费费率 × 1,5","从中国运往俄罗斯的运费费率 × 1,5"
Small,Standard,GUOO ,GUOO Standard Small,9,7月19日,¥16.64 + ¥0.0364/1 g,允许,允许,"边长总和 ≤ 150 cm, 长边 ≤ 60 cm",1,2000,1501 - 7000,135. 01 - 635,20.01 - 90,20.01 - 80,实际重量,-,7000,无附加费退回,"从中国运往俄罗斯的运费费率 × 1,5","从中国运往俄罗斯的运费费率 × 1,5"
Small,Standard,Tanais ,Tanais Standard Small,11,7月19日,¥16.6 + ¥0.0364/1 g,禁止,禁止,"边长总和 ≤ 150 cm, 长边 ≤ 60 cm",1,2000,1501 - 7000,135. 01 - 635,20.01 - 90,20.01 - 80,实际重量,-,7000,无附加费退回,"从中国运往俄罗斯的运费费率 × 1,5","从中国运往俄罗斯的运费费率 × 1,5"
Small,Economy,GBS ,GBS Economy Small,1,12月24日,"¥15,2 + ¥0,02375/1g",允许,禁止,"边长总和 ≤ 150 cm, 长边 ≤ 60 cm",1,2000,1501 - 7000,135. 01 - 635,20.01 - 90,20.01 - 80,实际重量,-,7000,无附加费退回,"从中国运往俄罗斯的运费费率 × 1,5","从中国运往俄罗斯的运费费率 × 1,5"
Small,Economy,ZTO ,ZTO Economy Small,2,12月24日,¥16.64 + ¥0.026/1 g,允许,禁止,"边长总和 ≤ 150 cm, 长边 ≤ 60 cm",1,2000,1501 - 7000,135. 01 - 635,20.01 - 90,20.01 - 80,实际重量,-,7000,无附加费退回,"从中国运往俄罗斯的运费费率 × 1,5","从中国运往俄罗斯的运费费率 × 1,5"
Small,Economy,Ural ,Ural Economy Small,2,12月24日,¥16.64 + ¥0.026/1 g,允许,允许,"边长总和 ≤ 150 cm, 长边 ≤ 60 cm",1,2000,1501 - 7000,135. 01 - 635,20.01 - 90,20.01 - 80,实际重量,-,7000,无附加费退回,"从中国运往俄罗斯的运费费率 × 1,5","从中国运往俄罗斯的运费费率 × 1,5"
Small,Economy,RETS ,RETS Economy Small,2,12月24日,¥16.64 + ¥0.026/1 g,允许,允许,"边长总和 ≤ 150 cm, 长边 ≤ 60 cm",1,2000,1501 - 7000,135. 01 - 635,20.01 - 90,20.01 - 80,实际重量,-,7000,无附加费退回,"从中国运往俄罗斯的运费费率 × 1,5","从中国运往俄罗斯的运费费率 × 1,5"
Small,Economy,OYX ,OYX Economy Small,5,12月24日,￥16.64 + ￥0.026/1 g,允许,禁止,"边长总和 ≤ 150 cm, 长边 ≤ 60 cm",1,2000,1501 - 7000,135. 01 - 635,20.01 - 90,20.01 - 80,实际重量,-,7000,无附加费退回,"从中国运往俄罗斯的运费费率 × 1,5","从中国运往俄罗斯的运费费率 × 1,5"
Small,Economy,ABT ,ABT Economy Small,5,12月24日,￥16.64 + ￥0.026/1 g,允许,禁止,"边长总和 ≤ 150 cm, 长边 ≤ 60 cm",1,2000,1501 - 7000,135. 01 - 635,20.01 - 90,20.01 - 80,实际重量,-,7000,无附加费退回,"从中国运往俄罗斯的运费费率 × 1,5","从中国运往俄罗斯的运费费率 × 1,5"
Small,Economy,Xingyuan ,Xingyuan Economy Small,5,12月24日,￥16.64 + ￥0.026/1 g,允许,允许,"边长总和 ≤ 150 cm, 长边 ≤ 60 cm",1,2000,1501 - 7000,135. 01 - 635,20.01 - 90,20.01 - 80,实际重量,-,7000,无附加费退回,"从中国运往俄罗斯的运费费率 × 1,5","从中国运往俄罗斯的运费费率 × 1,5"
Small,Economy,CEL ,CEL Economy Small,5,12月24日,￥16.64 + ￥0.026/1 g,允许,允许,"边长总和 ≤ 150 cm, 长边 ≤ 60 cm",1,2000,1501 - 7000,135. 01 - 635,20.01 - 90,20.01 - 80,实际重量,-,7000,无附加费退回,"从中国运往俄罗斯的运费费率 × 1,5","从中国运往俄罗斯的运费费率 × 1,5"
Small,Economy,Tanais ,Tanais Economy Small,9,12月24日,¥16.6 + ¥0.0259/1 g,禁止,禁止,"边长总和 ≤ 150 cm, 长边 ≤ 60 cm",1,2000,1501 - 7000,135. 01 - 635,20.01 - 90,20.01 - 80,实际重量,-,7000,无附加费退回,"从中国运往俄罗斯的运费费率 × 1,5","从中国运往俄罗斯的运费费率 × 1,5"
Small,Economy,ATC ,ATC Economy Small,10,12月24日,"¥16 + ¥0,0238/1g",允许,禁止,"边长总和 ≤ 150 cm, 长边 ≤ 60 cm",1,2000,1501 - 7000,135. 01 - 635,20.01 - 90,20.01 - 80,实际重量,-,7000,无附加费退回,"从中国运往俄罗斯的运费费率 × 1,5","从中国运往俄罗斯的运费费率 × 1,5"
Small,Economy,GUOO ,GUOO Economy Small,11,12月24日,¥16.64 + ¥0.026/1 g,允许,允许,"边长总和 ≤ 150 cm, 长边 ≤ 60 cm",1,2000,1501 - 7000,135. 01 - 635,20.01 - 90,20.01 - 80,实际重量,-,7000,无附加费退回,"从中国运往俄罗斯的运费费率 × 1,5","从中国运往俄罗斯的运费费率 × 1,5"
Big,Express,Ural ,Ural Express Big,1,5月14日,¥37.44 + ¥0.03432/1 g,禁止,禁止,"边长总和 ≤ 310 cm, 长边 ≤ 150 cm",2001,30000,1501 - 7000,135. 01 - 635,20.01 - 90,20.01 - 80,最大实际重量与体积重量,长 × 宽 × 高 (cm) ÷ 12 000,7000,无附加费退回,"从中国运往俄罗斯的运费费率 × 1,5","从中国运往俄罗斯的运费费率 × 1,5"
Big,Standard,ZTO ,ZTO Standard Big,1,7月19日,¥37.44 + ¥0.026/1 g,允许,禁止,"边长总和 ≤ 310 cm, 长边 ≤ 150 cm",2001,30000,1501 - 7000,135. 01 - 635,20.01 - 90,20.01 - 80,最大实际重量与体积重量,长 × 宽 × 高 (cm) ÷ 12 000,7000,无附加费退回,"从中国运往俄罗斯的运费费率 × 1,5","从中国运往俄罗斯的运费费率 × 1,5"
Big,Standard,Ural ,Ural Standard Big,1,7月19日,¥37.44 + ¥0.026/1 g,允许,禁止,"边长总和 ≤ 310 cm, 长边 ≤ 150 cm",2001,30000,1501 - 7000,135. 01 - 635,20.01 - 90,20.01 - 80,最大实际重量与体积重量,长 × 宽 × 高 (cm) ÷ 12 000,7000,无附加费退回,"从中国运往俄罗斯的运费费率 × 1,5","从中国运往俄罗斯的运费费率 × 1,5"
Big,Standard,ATC ,ATC Standard Big,3,7月19日,"¥36 + ¥0,025/1g",允许,禁止,"边长总和 ≤ 310 cm, 长边 ≤ 150 cm",2001,30000,1501 - 7000,135. 01 - 635,20.01 - 90,20.01 - 80,最大实际重量与体积重量,长 × 宽 × 高 (cm) ÷ 12 000,7000,无附加费退回,"从中国运往俄罗斯的运费费率 × 1,5","从中国运往俄罗斯的运费费率 × 1,5"
Big,Standard,OYX ,OYX Standard Big,4,7月19日,￥37.44 + ￥0.026/1 g,允许,禁止,"边长总和 ≤ 310 cm, 长边 ≤ 150 cm",2001,30000,1501 - 7000,135. 01 - 635,20.01 - 90,20.01 - 80,最大实际重量与体积重量,长 × 宽 × 高 (cm) ÷ 12 000,7000,无附加费退回,"从中国运往俄罗斯的运费费率 × 1,5","从中国运往俄罗斯的运费费率 × 1,5"
Big,Standard,ABT ,ABT Standard Big,4,7月19日,￥37.44 + ￥0.026/1 g,允许,禁止,"边长总和 ≤ 310 cm, 长边 ≤ 150 cm",2001,30000,1501 - 7000,135. 01 - 635,20.01 - 90,20.01 - 80,最大实际重量与体积重量,长 × 宽 × 高 (cm) ÷ 12 000,7000,无附加费退回,"从中国运往俄罗斯的运费费率 × 1,5","从中国运往俄罗斯的运费费率 × 1,5"
Big,Standard,Xingyuan ,Xingyuan Standard Big,4,7月19日,￥37.44 + ￥0.026/1 g,允许,允许,"边长总和 ≤ 310 cm, 长边 ≤ 150 cm",2001,30000,1501 - 7000,135. 01 - 635,20.01 - 90,20.01 - 80,最大实际重量与体积重量,长 × 宽 × 高 (cm) ÷ 12 000,7000,无附加费退回,"从中国运往俄罗斯的运费费率 × 1,5","从中国运往俄罗斯的运费费率 × 1,5"
Big,Standard,Tanais ,Tanais Standard Big,7,7月19日,¥37.4 + ¥0.0259/1 g,禁止,禁止,"边长总和 ≤ 310 cm, 长边 ≤ 150 cm",2001,30000,1501 - 7000,135. 01 - 635,20.01 - 90,20.01 - 80,最大实际重量与体积重量,长 × 宽 × 高 (cm) ÷ 12 000,7000,无附加费退回,"从中国运往俄罗斯的运费费率 × 1,5","从中国运往俄罗斯的运费费率 × 1,5"
Big,Standard,RETS ,RETS Standard Big,8,7月19日,¥37.44 + ¥0.026/1 g,允许,禁止,"边长总和 ≤ 310 cm, 长边 ≤ 150 cm",2001,30000,1501 - 7000,135. 01 - 635,20.01 - 90,20.01 - 80,最大实际重量与体积重量,长 × 宽 × 高 (cm) ÷ 12 000,7000,无附加费退回,"从中国运往俄罗斯的运费费率 × 1,5","从中国运往俄罗斯的运费费率 × 1,5"
Big,Standard,CEL ,CEL Standard Big,8,7月19日,￥37.44 + ￥0.026/1 g,允许,允许,"边长总和 ≤ 310 cm, 长边 ≤ 150 cm",2001,30000,1501 - 7000,135. 01 - 635,20.01 - 90,20.01 - 80,最大实际重量与体积重量,长 × 宽 × 高 (cm) ÷ 12 000,7000,无附加费退回,"从中国运往俄罗斯的运费费率 × 1,5","从中国运往俄罗斯的运费费率 × 1,5"
Big,Standard,GUOO ,GUOO Standard Big,8,7月19日,¥37.44 + ¥0.026/1 g,允许,允许,"边长总和 ≤ 310 cm, 长边 ≤ 150 cm",2001,30000,1501 - 7000,135. 01 - 635,20.01 - 90,20.01 - 80,最大实际重量与体积重量,长 × 宽 × 高 (cm) ÷ 12 000,7000,无附加费退回,"从中国运往俄罗斯的运费费率 × 1,5","从中国运往俄罗斯的运费费率 × 1,5"
Big,Economy,CEL ,CEL Economy Big,1,17-29,￥37.44 + ￥0.01768/1 g,允许,允许,"边长总和 ≤ 310 cm, 长边 ≤ 150 cm",2001,30000,1501 - 7000,135. 01 - 635,20.01 - 90,20.01 - 80,最大实际重量与体积重量,长 × 宽 × 高 (cm) ÷ 12 000,7000,无附加费退回,"从中国运往俄罗斯的运费费率 × 1,5","从中国运往俄罗斯的运费费率 × 1,5"
Big,Economy,Xingyuan ,Xingyuan Economy Big,1,17-29,￥37.44 + ￥0.01768/1 g,允许,禁止,"边长总和 ≤ 310 cm, 长边 ≤ 150 cm",2001,30000,1501 - 7000,135. 01 - 635,20.01 - 90,20.01 - 80,最大实际重量与体积重量,长 × 宽 × 高 (cm) ÷ 12 000,7000,无附加费退回,"从中国运往俄罗斯的运费费率 × 1,5","从中国运往俄罗斯的运费费率 × 1,5"
Big,Economy,ABT ,ABT Economy Big,1,17-29,￥37.44 + ￥0.01768/1 g,允许,禁止,"边长总和 ≤ 310 cm, 长边 ≤ 150 cm",2001,30000,1501 - 7000,135. 01 - 635,20.01 - 90,20.01 - 80,最大实际重量与体积重量,长 × 宽 × 高 (cm) ÷ 12 000,7000,无附加费退回,"从中国运往俄罗斯的运费费率 × 1,5","从中国运往俄罗斯的运费费率 × 1,5"
Big,Economy,OYX ,OYX Economy Big,1,17-29,￥37.44 + ￥0.01768/1 g,允许,禁止,"边长总和 ≤ 310 cm, 长边 ≤ 150 cm",2001,30000,1501 - 7000,135. 01 - 635,20.01 - 90,20.01 - 80,最大实际重量与体积重量,长 × 宽 × 高 (cm) ÷ 12 000,7000,无附加费退回,"从中国运往俄罗斯的运费费率 × 1,5","从中国运往俄罗斯的运费费率 × 1,5"
Big,Economy,Tanais ,Tanais Economy Big,1,17-29,¥37.4 + ¥0.0176/1 g,禁止,禁止,"边长总和 ≤ 310 cm, 长边 ≤ 150 cm",2001,30000,1501 - 7000,135. 01 - 635,20.01 - 90,20.01 - 80,最大实际重量与体积重量,长 × 宽 × 高 (cm) ÷ 12 000,7000,无附加费退回,"从中国运往俄罗斯的运费费率 × 1,5","从中国运往俄罗斯的运费费率 × 1,5"
Big,Economy,ATC ,ATC Economy Big,6,17-29,"¥36 + ¥0,017/1g",允许,禁止,"边长总和 ≤ 310 cm, 长边 ≤ 150 cm",2001,30000,1501 - 7000,135. 01 - 635,20.01 - 90,20.01 - 80,最大实际重量与体积重量,长 × 宽 × 高 (cm) ÷ 12 000,7000,无附加费退回,"从中国运往俄罗斯的运费费率 × 1,5","从中国运往俄罗斯的运费费率 × 1,5"
Big,Economy,GUOO ,GUOO Economy Big,7,17-29,¥37.44 + ¥0.01768/1 g,允许,允许,"边长总和 ≤ 310 cm, 长边 ≤ 150 cm",2001,30000,1501 - 7000,135. 01 - 635,20.01 - 90,20.01 - 80,最大实际重量与体积重量,长 × 宽 × 高 (cm) ÷ 12 000,7000,无附加费退回,"从中国运往俄罗斯的运费费率 × 1,5","从中国运往俄罗斯的运费费率 × 1,5"
Premium Small,Express,ZTO ,ZTO Express Premium Small,1,5月14日,¥22.88 + ¥0.0468/1 g,禁止,禁止,"边长总和 ≤ 250 cm, 长边 ≤ 150 cm,",1,5000,7001 - 250 000,635.01 - 22 525,90.01 - 3 165,80.01 - 2 735,实际重量,-,250000,无附加费退回,"从中国运往俄罗斯的运费费率 × 1,5","从中国运往俄罗斯的运费费率 × 1,5"
Premium Small,Express,Ural ,Ural Express Premium Small,1,5月14日,¥22.88 + ¥0.0468/1 g,禁止,禁止,"边长总和 ≤ 250 cm, 长边 ≤ 150 cm,",1,5000,7001 - 250 000,635.01 - 22 525,90.01 - 3 165,80.01 - 2 735,实际重量,-,250000,无附加费退回,"从中国运往俄罗斯的运费费率 × 1,5","从中国运往俄罗斯的运费费率 × 1,5"
Premium Small,Express,RETS ,RETS Express Premium Small,3,5月14日,¥22.88 + ¥0.0468/1 g,禁止,禁止,"边长总和 ≤ 250 cm, 长边 ≤ 150 cm,",1,5000,7001 - 250 000,635.01 - 22 525,90.01 - 3 165,80.01 - 2 735,实际重量,-,250000,无附加费退回,"从中国运往俄罗斯的运费费率 × 1,5","从中国运往俄罗斯的运费费率 × 1,5"
Premium Small,Express,GUOO ,GUOO Express Premium Small,3,5月14日,¥22.88 + ¥0.0468/1 g,禁止,禁止,"边长总和 ≤ 250 cm, 长边 ≤ 150 cm,",1,5000,7001 - 250 000,635.01 - 22 525,90.01 - 3 165,80.01 - 2 735,实际重量,-,250000,无附加费退回,"从中国运往俄罗斯的运费费率 × 1,5","从中国运往俄罗斯的运费费率 × 1,5"
Premium Small,Express,ATC ,ATC Express Premium Small,3,5月14日,"¥22 + ¥0,045/1g",禁止,禁止,"边长总和 ≤ 250 cm, 长边 ≤ 150 cm,",1,5000,7001 - 250 000,635.01 - 22 525,90.01 - 3 165,80.01 - 2 735,实际重量,-,250000,无附加费退回,"从中国运往俄罗斯的运费费率 × 1,5","从中国运往俄罗斯的运费费率 × 1,5"
Premium Small,Express,GBS ,GBS Express Premium Small,6,5月14日,"¥22 + ¥0,04275/1g",禁止,禁止,"边长总和 ≤ 250 cm, 长边 ≤ 150 cm,",1,5000,7001 - 250 000,635.01 - 22 525,90.01 - 3 165,80.01 - 2 735,实际重量,-,250000,无附加费退回,"从中国运往俄罗斯的运费费率 × 1,5","从中国运往俄罗斯的运费费率 × 1,5"
Premium Small,Express,CEL ,CEL Express Premium Small,7,5月14日,￥22.88 + ￥0.0468/1 g,禁止,允许,"边长总和 ≤ 250 cm, 长边 ≤ 150 cm,",1,5000,7001 - 250 000,635.01 - 22 525,90.01 - 3 165,80.01 - 2 735,实际重量,-,250000,无附加费退回,"从中国运往俄罗斯的运费费率 × 1,5","从中国运往俄罗斯的运费费率 × 1,5"
Premium Small,Standard,RETS ,RETS Standard Premium Small,1,7月19日,¥22.88 + ¥0.0364/1 g,允许,禁止,"边长总和 ≤ 250 cm, 长边 ≤ 150 cm,",1,5000,7001 - 250 000,635.01 - 22 525,90.01 - 3 165,80.01 - 2 735,实际重量,-,250000,无附加费退回,"从中国运往俄罗斯的运费费率 × 1,5","从中国运往俄罗斯的运费费率 × 1,5"
Premium Small,Standard,ZTO ,ZTO Standard Premium Small,1,7月19日,¥22.88 + ¥0.0364/1 g,允许,禁止,"边长总和 ≤ 250 cm, 长边 ≤ 150 cm,",1,5000,7001 - 250 000,635.01 - 22 525,90.01 - 3 165,80.01 - 2 735,实际重量,-,250000,无附加费退回,"从中国运往俄罗斯的运费费率 × 1,5","从中国运往俄罗斯的运费费率 × 1,5"
Premium Small,Standard,Ural ,Ural Standard Premium Small,1,7月19日,¥22.88 + ¥0.0364/1 g,允许,禁止,"边长总和 ≤ 250 cm, 长边 ≤ 150 cm,",1,5000,7001 - 250 000,635.01 - 22 525,90.01 - 3 165,80.01 - 2 735,实际重量,-,250000,无附加费退回,"从中国运往俄罗斯的运费费率 × 1,5","从中国运往俄罗斯的运费费率 × 1,5"
Premium Small,Standard,GBS ,GBS Standard Premium Small,4,7月19日,"¥21 + ¥0,034/1g",允许,禁止,"边长总和 ≤ 250 cm, 长边 ≤ 150 cm,",1,5000,7001 - 250 000,635.01 - 22 525,90.01 - 3 165,80.01 - 2 735,实际重量,-,250000,无附加费退回,"从中国运往俄罗斯的运费费率 × 1,5","从中国运往俄罗斯的运费费率 × 1,5"
Premium Small,Standard,OYX ,OYX Standard Premium Small,5,7月19日,￥22.88 + ￥0.0364/1 g,允许,禁止,"边长总和 ≤ 250 cm, 长边 ≤ 150 cm,",1,5000,7001 - 250 000,635.01 - 22 525,90.01 - 3 165,80.01 - 2 735,实际重量,-,250000,无附加费退回,"从中国运往俄罗斯的运费费率 × 1,5","从中国运往俄罗斯的运费费率 × 1,5"
Premium Small,Standard,ABT ,ABT Standard Premium Small,5,7月19日,￥22.88 + ￥0.0364/1 g,允许,禁止,"边长总和 ≤ 250 cm, 长边 ≤ 150 cm,",1,5000,7001 - 250 000,635.01 - 22 525,90.01 - 3 165,80.01 - 2 735,实际重量,-,250000,无附加费退回,"从中国运往俄罗斯的运费费率 × 1,5","从中国运往俄罗斯的运费费率 × 1,5"
Premium Small,Standard,Xingyuan ,Xingyuan Standard Premium Small,5,7月19日,￥22.88 + ￥0.0364/1 g,允许,允许,"边长总和 ≤ 250 cm, 长边 ≤ 150 cm,",1,5000,7001 - 250 000,635.01 - 22 525,90.01 - 3 165,80.01 - 2 735,实际重量,-,250000,无附加费退回,"从中国运往俄罗斯的运费费率 × 1,5","从中国运往俄罗斯的运费费率 × 1,5"
Premium Small,Standard,ATC ,ATC Standard Premium Small,8,7月19日,"¥21 + ¥0,034/1g",允许,禁止,"边长总和 ≤ 250 cm, 长边 ≤ 150 cm,",1,5000,7001 - 250 000,635.01 - 22 525,90.01 - 3 165,80.01 - 2 735,实际重量,-,250000,无附加费退回,"从中国运往俄罗斯的运费费率 × 1,5","从中国运往俄罗斯的运费费率 × 1,5"
Premium Small,Standard,CEL ,CEL Standard Premium Small,9,7月19日,￥22.88 + ￥0.0364/1 g,允许,允许,"边长总和 ≤ 250 cm, 长边 ≤ 150 cm,",1,5000,7001 - 250 000,635.01 - 22 525,90.01 - 3 165,80.01 - 2 735,实际重量,-,250000,无附加费退回,"从中国运往俄罗斯的运费费率 × 1,5","从中国运往俄罗斯的运费费率 × 1,5"
Premium Small,Standard,GUOO ,GUOO Standard Premium Small,9,7月19日,¥22.88 + ¥0.0364/1 g,允许,允许,"边长总和 ≤ 250 cm, 长边 ≤ 150 cm,",1,5000,7001 - 250 000,635.01 - 22 525,90.01 - 3 165,80.01 - 2 735,实际重量,-,250000,无附加费退回,"从中国运往俄罗斯的运费费率 × 1,5","从中国运往俄罗斯的运费费率 × 1,5"
Premium Small,Economy,ZTO ,ZTO Economy Premium Small,1,12月24日,¥22.88 + ¥0.026/1 g,允许,禁止,"边长总和 ≤ 250 cm, 长边 ≤ 150 cm,",1,5000,7001 - 250 000,635.01 - 22 525,90.01 - 3 165,80.01 - 2 735,实际重量,-,250000,无附加费退回,"从中国运往俄罗斯的运费费率 × 1,5","从中国运往俄罗斯的运费费率 × 1,5"
Premium Small,Economy,Ural ,Ural Economy Premium Small,1,12月24日,¥22.88 + ¥0.026/1 g,允许,允许,"边长总和 ≤ 250 cm, 长边 ≤ 150 cm,",1,5000,7001 - 250 000,635.01 - 22 525,90.01 - 3 165,80.01 - 2 735,实际重量,-,250000,无附加费退回,"从中国运往俄罗斯的运费费率 × 1,5","从中国运往俄罗斯的运费费率 × 1,5"
Premium Small,Economy,RETS ,RETS Economy Premium Small,1,12月24日,¥22.88 + ¥0.026/1 g,允许,允许,"边长总和 ≤ 250 cm, 长边 ≤ 150 cm,",1,5000,7001 - 250 000,635.01 - 22 525,90.01 - 3 165,80.01 - 2 735,实际重量,-,250000,无附加费退回,"从中国运往俄罗斯的运费费率 × 1,5","从中国运往俄罗斯的运费费率 × 1,5"
Premium Small,Economy,GBS ,GBS Economy Premium Small,4,12月24日,"¥21 + ¥0,02375/1g",允许,禁止,"边长总和 ≤ 250 cm, 长边 ≤ 150 cm,",1,5000,7001 - 250 000,635.01 - 22 525,90.01 - 3 165,80.01 - 2 735,实际重量,-,250000,无附加费退回,"从中国运往俄罗斯的运费费率 × 1,5","从中国运往俄罗斯的运费费率 × 1,5"
Premium Small,Economy,OYX ,OYX Economy Premium Small,5,12月24日,￥22.88 + ￥0.026/1 g,允许,禁止,"边长总和 ≤ 250 cm, 长边 ≤ 150 cm,",1,5000,7001 - 250 000,635.01 - 22 525,90.01 - 3 165,80.01 - 2 735,实际重量,-,250000,无附加费退回,"从中国运往俄罗斯的运费费率 × 1,5","从中国运往俄罗斯的运费费率 × 1,5"
Premium Small,Economy,ABT ,ABT Economy Premium Small,5,12月24日,￥22.88 + ￥0.026/1 g,允许,禁止,"边长总和 ≤ 250 cm, 长边 ≤ 150 cm,",1,5000,7001 - 250 000,635.01 - 22 525,90.01 - 3 165,80.01 - 2 735,实际重量,-,250000,无附加费退回,"从中国运往俄罗斯的运费费率 × 1,5","从中国运往俄罗斯的运费费率 × 1,5"
Premium Small,Economy,Xingyuan ,Xingyuan Economy Premium Small,5,12月24日,￥22.88 + ￥0.026/1 g,允许,允许,"边长总和 ≤ 250 cm, 长边 ≤ 150 cm,",1,5000,7001 - 250 000,635.01 - 22 525,90.01 - 3 165,80.01 - 2 735,实际重量,-,250000,无附加费退回,"从中国运往俄罗斯的运费费率 × 1,5","从中国运往俄罗斯的运费费率 × 1,5"
Premium Small,Economy,CEL ,CEL Economy Premium Small,5,12月24日,￥22.88 + ￥0.026/1 g,允许,允许,"边长总和 ≤ 250 cm, 长边 ≤ 150 cm,",1,5000,7001 - 250 000,635.01 - 22 525,90.01 - 3 165,80.01 - 2 735,实际重量,-,250000,无附加费退回,"从中国运往俄罗斯的运费费率 × 1,5","从中国运往俄罗斯的运费费率 × 1,5"
Premium Small,Economy,GUOO ,GUOO Economy Premium Small,9,12月24日,¥22.88 + ¥0.026/1 g,允许,允许,"边长总和 ≤ 250 cm, 长边 ≤ 150 cm,",1,5000,7001 - 250 000,635.01 - 22 525,90.01 - 3 165,80.01 - 2 735,实际重量,-,250000,无附加费退回,"从中国运往俄罗斯的运费费率 × 1,5","从中国运往俄罗斯的运费费率 × 1,5"
Premium Small,Economy,ATC ,ATC Economy Premium Small,10,12月24日,"¥21,5 + ¥0,024/1g",允许,禁止,"边长总和 ≤ 250 cm, 长边 ≤ 150 cm,",1,5000,7001 - 250 000,635.01 - 22 525,90.01 - 3 165,80.01 - 2 735,实际重量,-,250000,无附加费退回,"从中国运往俄罗斯的运费费率 × 1,5","从中国运往俄罗斯的运费费率 × 1,5"
Premium Big,Express,Ural ,Ural Express Premium Big,1,5月14日,¥64.48 + ¥0.03432/1 g,禁止,禁止,"边长总和 ≤ 310 cm, 长边 ≤ 150 cm",5001,30000,7001 - 250 000,635.01 - 22 525,90.01 - 3 165,80.01 - 2 735,最大实际重量与体积重量,长 × 宽 × 高 (cm) ÷ 12 000,250000,无附加费退回,"从中国运往俄罗斯的运费费率 × 1,5","从中国运往俄罗斯的运费费率 × 1,5"
Premium Big,Standard,ZTO ,ZTO Standard Premium Big,1,7月19日,¥64.48 + ¥0.02912/1 g,允许,禁止,"边长总和 ≤ 310 cm, 长边 ≤ 150 cm",5001,30000,7001 - 250 000,635.01 - 22 525,90.01 - 3 165,80.01 - 2 735,最大实际重量与体积重量,长 × 宽 × 高 (cm) ÷ 12 000,250000,无附加费退回,"从中国运往俄罗斯的运费费率 × 1,5","从中国运往俄罗斯的运费费率 × 1,5"
Premium Big,Standard,Ural ,Ural Standard Premium Big,1,7月19日,¥64.48 + ¥0.02912/1 g,允许,禁止,"边长总和 ≤ 310 cm, 长边 ≤ 150 cm",5001,30000,7001 - 250 000,635.01 - 22 525,90.01 - 3 165,80.01 - 2 735,最大实际重量与体积重量,长 × 宽 × 高 (cm) ÷ 12 000,250000,无附加费退回,"从中国运往俄罗斯的运费费率 × 1,5","从中国运往俄罗斯的运费费率 × 1,5"
Premium Big,Standard,CEL ,CEL Standard Premium Big,3,7月19日,￥64.48 + ￥0.02912/1 g,允许,允许,"边长总和 ≤ 310 cm, 长边 ≤ 150 cm",5001,30000,7001 - 250 000,635.01 - 22 525,90.01 - 3 165,80.01 - 2 735,最大实际重量与体积重量,长 × 宽 × 高 (cm) ÷ 12 000,250000,无附加费退回,"从中国运往俄罗斯的运费费率 × 1,5","从中国运往俄罗斯的运费费率 × 1,5"
Premium Big,Standard,ABT ,ABT Standard Premium Big,3,7月19日,￥64.48 + ￥0.02912/1 g,允许,禁止,"边长总和 ≤ 310 cm, 长边 ≤ 150 cm",5001,30000,7001 - 250 000,635.01 - 22 525,90.01 - 3 165,80.01 - 2 735,最大实际重量与体积重量,长 × 宽 × 高 (cm) ÷ 12 000,250000,无附加费退回,"从中国运往俄罗斯的运费费率 × 1,5","从中国运往俄罗斯的运费费率 × 1,5"
Premium Big,Standard,OYX ,OYX Standard Premium Big,3,7月19日,￥64.48 + ￥0.02912/1 g,允许,禁止,"边长总和 ≤ 310 cm, 长边 ≤ 150 cm",5001,30000,7001 - 250 000,635.01 - 22 525,90.01 - 3 165,80.01 - 2 735,最大实际重量与体积重量,长 × 宽 × 高 (cm) ÷ 12 000,250000,无附加费退回,"从中国运往俄罗斯的运费费率 × 1,5","从中国运往俄罗斯的运费费率 × 1,5"
Premium Big,Standard,Xingyuan ,Xingyuan Standard Premium Big,3,7月19日,￥64.48 + ￥0.02912/1 g,允许,允许,"边长总和 ≤ 310 cm, 长边 ≤ 150 cm",5001,30000,7001 - 250 000,635.01 - 22 525,90.01 - 3 165,80.01 - 2 735,最大实际重量与体积重量,长 × 宽 × 高 (cm) ÷ 12 000,250000,无附加费退回,"从中国运往俄罗斯的运费费率 × 1,5","从中国运往俄罗斯的运费费率 × 1,5"
Premium Big,Standard,ATC ,ATC Standard Premium Big,7,7月19日,"¥62 + ¥0,027/1g",允许,禁止,"边长总和 ≤ 310 cm, 长边 ≤ 150 cm",5001,30000,7001 - 250 000,635.01 - 22 525,90.01 - 3 165,80.01 - 2 735,最大实际重量与体积重量,长 × 宽 × 高 (cm) ÷ 12 000,250000,无附加费退回,"从中国运往俄罗斯的运费费率 × 1,5","从中国运往俄罗斯的运费费率 × 1,5"
Premium Big,Standard,GUOO ,GUOO Standard Premium Big,8,7月19日,¥64.48 + ¥0.02912/1 g,允许,允许,"边长总和 ≤ 310 cm, 长边 ≤ 150 cm",5001,30000,7001 - 250 000,635.01 - 22 525,90.01 - 3 165,80.01 - 2 735,最大实际重量与体积重量,长 × 宽 × 高 (cm) ÷ 12 000,250000,无附加费退回,"从中国运往俄罗斯的运费费率 × 1,5","从中国运往俄罗斯的运费费率 × 1,5"
Premium Big,Economy,ZTO ,ZTO Economy Premium Big,1,17-29,¥64.48 + ¥0.02392/1 g,允许,禁止,"边长总和 ≤ 310 cm, 长边 ≤ 150 cm",5001,30000,7001 - 250 000,635.01 - 22 525,90.01 - 3 165,80.01 - 2 735,最大实际重量与体积重量,长 × 宽 × 高 (cm) ÷ 12 000,250000,无附加费退回,"从中国运往俄罗斯的运费费率 × 1,5","从中国运往俄罗斯的运费费率 × 1,5"
Premium Big,Economy,RETS ,RETS Economy Premium Big,1,17-29,¥64.48 + ¥0.02392/1 g,允许,允许,"边长总和 ≤ 310 cm, 长边 ≤ 150 cm",5001,30000,7001 - 250 000,635.01 - 22 525,90.01 - 3 165,80.01 - 2 735,最大实际重量与体积重量,长 × 宽 × 高 (cm) ÷ 12 000,250000,无附加费退回,"从中国运往俄罗斯的运费费率 × 1,5","从中国运往俄罗斯的运费费率 × 1,5"
Premium Big,Economy,GUOO ,GUOO Economy Premium Big,3,17-29,¥64.48 + ¥0.02392/1 g,允许,允许,"边长总和 ≤ 310 cm, 长边 ≤ 150 cm",5001,30000,7001 - 250 000,635.01 - 22 525,90.01 - 3 165,80.01 - 2 735,最大实际重量与体积重量,长 × 宽 × 高 (cm) ÷ 12 000,250000,无附加费退回,"从中国运往俄罗斯的运费费率 × 1,5","从中国运往俄罗斯的运费费率 × 1,5"
Premium Big,Economy,Xingyuan ,Xingyuan Economy Premium Big,3,17-29,￥64.48 + ￥0.02392/1 g,允许,禁止,"边长总和 ≤ 310 cm, 长边 ≤ 150 cm",5001,30000,7001 - 250 000,635.01 - 22 525,90.01 - 3 165,80.01 - 2 735,最大实际重量与体积重量,长 × 宽 × 高 (cm) ÷ 12 000,250000,无附加费退回,"从中国运往俄罗斯的运费费率 × 1,5","从中国运往俄罗斯的运费费率 × 1,5"
Premium Big,Economy,ABT ,ABT Economy Premium Big,3,17-29,￥64.48 + ￥0.02392/1 g,允许,禁止,"边长总和 ≤ 310 cm, 长边 ≤ 150 cm",5001,30000,7001 - 250 000,635.01 - 22 525,90.01 - 3 165,80.01 - 2 735,最大实际重量与体积重量,长 × 宽 × 高 (cm) ÷ 12 000,250000,无附加费退回,"从中国运往俄罗斯的运费费率 × 1,5","从中国运往俄罗斯的运费费率 × 1,5"
Premium Big,Economy,OYX ,OYX Economy Premium Big,3,17-29,￥64.48 + ￥0.02392/1 g,允许,禁止,"边长总和 ≤ 310 cm, 长边 ≤ 150 cm",5001,30000,7001 - 250 000,635.01 - 22 525,90.01 - 3 165,80.01 - 2 735,最大实际重量与体积重量,长 × 宽 × 高 (cm) ÷ 12 000,250000,无附加费退回,"从中国运往俄罗斯的运费费率 × 1,5","从中国运往俄罗斯的运费费率 × 1,5"
Premium Big,Economy,CEL ,CEL Economy Premium Big,3,17-29,￥64.48 + ￥0.02392/1 g,允许,允许,"边长总和 ≤ 310 cm, 长边 ≤ 150 cm",5001,30000,7001 - 250 000,635.01 - 22 525,90.01 - 3 165,80.01 - 2 735,最大实际重量与体积重量,长 × 宽 × 高 (cm) ÷ 12 000,250000,无附加费退回,"从中国运往俄罗斯的运费费率 × 1,5","从中国运往俄罗斯的运费费率 × 1,5"
Premium Big,Economy,ATC ,ATC Economy Premium Big,8,17-29,"¥62 + ¥0,022/1g",允许,禁止,"边长总和 ≤ 310 cm, 长边 ≤ 150 cm",5001,30000,7001 - 250 000,635.01 - 22 525,90.01 - 3 165,80.01 - 2 735,最大实际重量与体积重量,长 × 宽 × 高 (cm) ÷ 12 000,250000,无附加费退回,"从中国运往俄罗斯的运费费率 × 1,5","从中国运往俄罗斯的运费费率 × 1,5"
